<?xml version="1.0" encoding="UTF-8"?>
<CustomMetadata xmlns="http://soap.sforce.com/2006/04/metadata" xmlns:xsi="http://www.w3.org/2001/XMLSchema-instance" xmlns:xsd="http://www.w3.org/2001/XMLSchema">
    <label>postal code</label>
    <protected>false</protected>
    <values>
        <field>Dataweave_Mapping__c</field>
        <value xsi:type="xsd:string">Mockaroo_Accounts_to</value>
    </values>
    <values>
        <field>Incoming_Key__c</field>
        <value xsi:type="xsd:string">postalCode</value>
    </values>
    <values>
        <field>Outgoing_Key__c</field>
        <value xsi:type="xsd:string">mailingPostalCode</value>
    </values>
</CustomMetadata>
