<?xml version="1.0" encoding="UTF-8"?>
<CustomField xmlns="http://soap.sforce.com/2006/04/metadata">
    <fullName>Incoming_Key__c</fullName>
    <description>This field records the string representation of the key used for this data point in the INCOMING json body</description>
    <externalId>false</externalId>
    <fieldManageability>DeveloperControlled</fieldManageability>
    <label>Incoming Key</label>
    <length>255</length>
    <required>true</required>
    <type>Text</type>
    <unique>false</unique>
</CustomField>
