<?xml version="1.0" encoding="UTF-8"?>
<CustomField xmlns="http://soap.sforce.com/2006/04/metadata">
    <fullName>sObject_type__c</fullName>
    <externalId>false</externalId>
    <fieldManageability>DeveloperControlled</fieldManageability>
    <label>sObject type</label>
    <referenceTo>EntityDefinition</referenceTo>
    <relationshipLabel>Dataweave_Mappings</relationshipLabel>
    <relationshipName>Dataweave_Mappings</relationshipName>
    <required>true</required>
    <type>MetadataRelationship</type>
    <unique>false</unique>
</CustomField>
